Linux Epoch (ms):,1616652758000
Epoch Delta TS,Temperature
8900.688,31.9
9894.719,31.9
10890.219,31.9
11885.938,31.9
12881.438,31.9
13877,31.9
14872.406,32
15867.5,31.9
16863,31.9
17858.5,32
18854.188,32
19849.688,32
20845.094,32
21840.531,32
22836.062,32
23831.75,32
24827.219,32
25823,32.1
26818.594,32
27814.25,32
28809.844,32
29807.781,32.1
30800.969,32
31795.031,32.1
32789.125,32.1
33783.031,32.1
34778.219,32
35773.312,32.1
36768.188,32.1
37763.406,32.1
38758.812,32.1
39754.125,32.1
40749.375,32.1
41744.688,32.1
42740,32.1
43733.75,32.1
44729,32.1
45723.969,32.1
46719.219,32.1
47714.625,32.1
48710.25,32.2
49706.188,32.1
50703.719,32.1
51696.906,32.1
52692.375,32.1
53689.219,32.2
54683.312,32.2
55678.344,32.2
56674.031,32.2
57668.406,32.2
58663.531,32.2
59658.938,32.2
60653.75,32.2
61648.906,32.2
62644.406,32.2
63639.688,32.2
64635.125,32.1
65630.25,32.2
66625.656,32.2
67621,32.2
68616.312,32.2
69611.562,32.2
70606.969,32.2
71602.5,32.2
72596.344,32.2
73590.281,32.2
74584.531,32.2
75577.844,32.2
76572.406,32.2
77569.625,32.3
78562.75,32.2
79557.875,32.2
80555.156,32.3
81548.906,32.3
82544.75,32.3
83540.75,32.3
84535.688,32.3
85531.25,32.3
86526.875,32.3
87522.188,32.3
88517.656,32.3
89513.25,32.3
90509.344,32.3
91505.062,32.3
92500.531,32.3
93495.812,32.3
94491.062,32.3
95486.188,32.3
96481.219,32.3
97476.344,32.3
98471.188,32.3
99466.125,32.3
100461.531,32.3
101456.781,32.3
102452.188,32.3
103447.656,32.4
104442.844,32.3
105435.969,32.4
106430.125,32.3
107423.906,32.4
108418.688,32.3
109413.812,32.3
110409.25,32.4
111404.812,32.4
112400.5,32.4
113396.125,32.3
114391.844,32.4
115387.375,32.4
116383.156,32.4
117376.906,32.4
118372.906,32.4
119364.688,32.4
120360.094,32.4
121355.75,32.4
122351.281,32.4
123346.844,32.4
124342.5,32.4
125338.125,32.4
126333.125,32.4
127328.406,32.4
128324.031,32.4
129319.656,32.4
130315.344,32.4
131311.094,32.4
132306.594,32.4
133301.938,32.5
134297.812,32.4
135292.406,32.5
136287.594,32.4
137283.281,32.4
138279.625,32.5
139274.719,32.4
140270.344,32.5
141265.781,32.5
142261.531,32.5
143257.312,32.5
144252.938,32.5
145248.781,32.5
146244.781,32.5
147240.906,32.5
148237,32.5
149233.094,32.5
150229.094,32.5
151225.094,32.5
152220.594,32.5
153216.406,32.5
154212.469,32.5
155208.281,32.5
156204.188,32.4
157199.906,32.5
158195.719,32.5
159191,32.5
160186.562,32.5
161182.312,32.6
162178.344,32.5
163174.094,32.5
164169.312,32.5
165165.156,32.5
166160.844,32.5
167156.906,32.5
168153,32.6
169148.969,32.6
170144.812,32.5
171140.719,32.6
172136.531,32.5
173132.312,32.5
174127.594,32.6
175123.25,32.6
176119.188,32.6
177114.844,32.6
178110.5,32.6
179106.219,32.6
180102.156,32.6
181097.969,32.6
182093.688,32.6
183089.969,32.6
184085.531,32.6
185081.5,32.6
186078.719,32.6
187073.125,32.6
188068.625,32.6
189066.062,32.6
190059.656,32.6
191054.938,32.6
192052.625,32.6
193046.281,32.6
194042.156,32.6
195040.25,32.6
196033.969,32.6
197029.75,32.6
198027.656,32.6
199021.094,32.6
200016.375,32.6
201011.781,32.7
202006.75,32.7
203001.781,32.7
203997.219,32.7
204992.719,32.7
205988.156,32.7
206983.594,32.7
207979.156,32.7
208974.531,32.7
209969.688,32.7
210964.594,32.7
211959.719,32.7
212955,32.7
213950.281,32.6
214946.125,32.7
215941.75,32.7
216937.562,32.7
217933.656,32.7
218928.344,32.7
219923.656,32.7
220920.969,32.7
221914.625,32.7
222908.562,32.7
223902.438,32.7
224895.969,32.7
225889.531,32.7
226883.5,32.7
227877.469,32.6
228872.281,32.7
229866.688,32.7
230859.938,32.8
231853.219,32.7
232846.75,32.7
233839.719,32.7
234832.969,32.8
235827.75,32.7
236822.469,32.7
237817.469,32.8
238814.5,32.7
239807.5,32.7
240802.562,32.8
241797.469,32.8
242792.656,32.8
243787.781,32.8
244782.5,32.7
245777.406,32.8
246772.188,32.8
247766.938,32.8
248761.938,32.8
249758.688,32.8
250751.906,32.8
251746.75,32.8
252742.125,32.8
253737.594,32.8
254732.906,32.8
255728.406,32.8
256722.688,32.8
257716.75,32.8
258712.062,32.8
259707.219,32.8
260703.781,32.8
261695.75,32.8
262691.031,32.8
263685.906,32.8
264679.531,32.8
265674.25,32.8
266667.594,32.8
267663,32.8
268658.562,32.8
269654,32.8
270649.438,32.8
271645,32.8
272640.156,32.8
273635.438,32.8
274630.562,32.8
275625.812,32.8
276620.469,32.8
277615.719,32.9
278610.938,32.9
279604.688,32.9
280598.469,32.9
281592.062,32.9
282585.688,32.9
283579.344,32.9
284573.125,32.9
285568.125,32.9
286563.031,32.9
287558.219,32.9
288553.375,32.9
289548.5,32.9
290543.812,32.9
291539.094,32.9
292534.219,32.8
293528.312,32.9
294523.875,32.9
295516.438,32.9
296510.531,32.9
297504.562,32.8
298498.844,32.9
299492.875,32.8
300487.125,32.9
301482.469,32.9
302478.406,32.9
303474.25,32.9
304469.969,32.8
305465.75,32.9
306461.875,32.9
307458,32.9
308453.812,32.9
309449.531,32.9
310447.062,32.9
311440.719,32.9
312436.344,32.9
313432.062,32.9
314427.219,33
315421.094,32.9
316416.156,32.9
317411.344,32.9
318406.469,32.9
319401.844,32.8
320397.031,32.9
321392.188,32.9
322387.625,32.9
323382.719,32.9
324377.812,32.9
325372.688,32.9
326368.719,32.9
327361.188,32.9
328356.438,32.9
329351.469,32.9
330346.531,32.9
331341.688,33
332337.219,32.9
333332.75,32.9
334328.844,32.9
335323.781,32.9
336319.531,32.9
337314.906,32.9
338310.406,32.9
339305.688,32.9
340300.844,32.9
341296.094,33
342291.125,33
343286.031,33
344280.906,33
345275.969,33
346271.219,33
347266.031,32.9
348261,32.9
349256.25,33
350251.875,33
351244.281,33
352239.406,33
353234.406,33
354229.75,33
355224.562,33
356219.469,33
357214.156,33
358211,33
359203.844,33
360198.688,33
361193.312,33
362186.594,33
363180.531,33
364173.562,33
365167.125,33
366161.688,33
367156.156,33
368151.656,33
369144.25,33
370139.312,33
371134.469,33
372129.156,33
373123.125,33
374118,33
375113.062,33
376110.25,33
377103.375,33
378098.344,33
379093.562,33
380087.5,33
381082.125,33
382075.156,33.1
383070.031,33
384064.875,33
385059.875,33
386054.875,33
387049.688,33
388044.5,33
389039.469,33
390034.406,33.1
391029.844,33
392025.156,33
393020.469,33.1
394017.594,33
395010.375,33
396005.156,33
397000.188,33
397993.906,33
398988.719,33.1
399982.219,33.1
400976.281,33
401970.188,33.1
402964.25,33.1
403959.406,33
404954.531,33.1
405949.906,33.1
406945.5,33.1
407941.25,33.1
408936.562,33.1
409931.938,33.1
410927.438,33.1
411922.906,33
412918.219,33.2
413913.75,33.1
414909.281,33.1
415904.5,33.1
416899.969,33.1
417894.531,33.1
418889.594,33.1
419884.344,33.1
420877.719,33.1
421872.125,33.1
422865.594,33.1
423859.375,33
424854.469,33.1
425849.375,33.1
426844.438,33.1
427839.438,33.1
428834.531,33.1
429829.625,33.1
430824.625,33.1
431819.875,33.1
432814.656,33.1
433809.344,33.1
434804,33.1
435799.812,33.1
436794.125,33.1
437789.25,33.1
438784.406,33.1
439779.875,33.1
440774.75,33.2
441770.188,33.1
442765.156,33.1
443762.375,33.1
444755.156,33.1
445750.062,33.1
446745.156,33.2
447739.906,33.1
448735.5,33.1
449729.781,33.1
450724.438,33.1
451719.469,33.1
452714.375,33.1
453709.312,33.1
454703.75,33.1
455698.031,33.2
456692.594,33.1
457686.875,33.2
458679.781,33.1
459672.969,33.1
460666.5,33.1
461660,33.2
462653.562,33.2
463647.875,33.2
464643.031,33.2
465638.281,33.2
466633.375,33.1
467628.312,33.1
468623.469,33.2
469618.281,33.2
470613.281,33.2
471608.531,33.2
472603.469,33.2
473598.562,33.2
474593.875,33.2
475589,33.2
476583.938,33.2
477579.125,33.2
478574.219,33.2
479569.125,33.2
480564,33.2
481558.688,33.2
482553.125,33.1
483547.938,33.2
484542.625,33.2
485537.5,33.2
486532.719,33.2
487527.781,33.2
488523.062,33.2
489518.5,33.2
490513.844,33.2
491509.094,33.2
492505.656,33.2
493499.312,33.2
494493.719,33.2
495488.594,33.2
496483.656,33.2
497479.281,33.2
498471.438,33.2
499464.656,33.2
500457.906,33.2
501451.156,33.2
502444.094,33.2
503437.438,33.2
504430.875,33.2
505425.781,33.2
506420.719,33.3
507415.406,33.2
508408.781,33.2
509403.25,33.2
510398.031,33.2
511393.031,33.2
512388.062,33.2
513382.906,33.2
514377.906,33.2
515372.906,33.2
516368.312,33.2
517363.344,33.2
518358.531,33.2
519353.812,33.2
520349.375,33.2
521344.531,33.2
522339.719,33.2
523335,33.2
524332.125,33.2
525326.156,33.2
526321.75,33.3
527317.344,33.2
528312.938,33.2
529308.406,33.2
530303.656,33.2
531298.781,33.2
532294.188,33.2
533289.594,33.2
534285.031,33.2
535280.094,33.2
536275.094,33.2
537270.344,33.2
538265.219,33.3
539260.406,33.2
540255.5,33.2
541250.938,33.2
542246.219,33.2
543241.344,33.2
544236.594,33.2
545232.094,33.2
546226.938,33.3
547222.438,33.3
548218.062,33.3
549213.219,33.2
550208.312,33.2
551203.719,33.2
552198.875,33.2
553195.406,33.2
554189.812,33.2
555185.156,33.3
556179.688,33.2
557174.594,33.2
558169.875,33.2
559163.312,33.3
560158.656,33.2
561153.969,33.2
562149.25,33.2
563145.344,33.2
564139.906,33.2
565135.25,33.2
566130.625,33.2
567124.781,33.3
568119.469,33.3
569115.188,33.3
570110.781,33.2
571108.094,33.2
572100.906,33.2
573094.875,33.3
574088.562,33.3
575083.062,33.3
576080.375,33.3
577073.375,33.2
578069,33.2
579064.312,33.3
580059.312,33.3
581054.312,33.3
582049.656,33.3
583044.5,33.3
584039.625,33.3
585033.25,33.3
586026.812,33.3
587021,33.3
588016.344,33.3
589011.594,33.3
590007.031,33.3
591002.031,33.3
591996.969,33.2
592992.438,33.3
593988.031,33.2
594983.5,33.3
595978.719,33.3
596973.719,33.3
597968.531,33.3
598962.969,33.3
599957.844,33.3
600952.875,33.3
601948.031,33.2
602943.062,33.3
603937.875,33.3
604933.219,33.3
605927.938,33.3
606923.094,33.3
607917.969,33.3
608912.688,33.3
609907.594,33.3
610902.688,33.3
611897.688,33.3
612893.188,33.3
613888,33.3
614883.094,33.3
615878.375,33.3
616873.594,33.3
617868.625,33.3
618863.375,33.3
619858.281,33.3
620853.5,33.3
621847.938,33.3
622842.719,33.3
623837.625,33.2
624833.469,33.3
625828.281,33.3
626823.531,33.4
627818.344,33.3
628813.406,33.3
629808.562,33.3
630803.156,33.3
631798.312,33.3
632795.219,33.3
633788.812,33.3
634783.594,33.3
635778.562,33.3
636773.688,33.3
637769.031,33.3
638764.594,33.3
639760.031,33.3
640756.531,33.4
641750.781,33.3
642746.562,33.3
643742.156,33.3
644737.688,33.3
645732.156,33.3
646725.906,33.3
647719.844,33.3
648713.719,33.3
649707.469,33.4
650703.531,33.3
651695.344,33.4
652689.312,33.3
653683.344,33.3
654678.719,33.3
655674.188,33.3
656669.531,33.3
657664.656,33.4
658659.938,33.3
659654.875,33.4
660651.719,33.3
661645.469,33.3
662640.656,33.3
663636.188,33.3
664631.969,33.3
665627.781,33.3
666623.625,33.3
667619.312,33.3
668614.938,33.4
669610.469,33.3
670604.906,33.3
671598.75,33.3
672592.375,33.3
673586.375,33.3
674580.531,33.4
675574.938,33.4
676570.188,33.3
677565.531,33.3
678560.969,33.4
679556.438,33.3
680550.656,33.3
681544.688,33.4
682538.438,33.4
683532.125,33.3
684525.75,33.3
685519.25,33.4
686512.938,33.3
687506.562,33.3
688500.125,33.4
689494.906,33.4
690490.469,33.3
691488.156,33.4
692481.469,33.4
693476.25,33.4
694471.25,33.3
695466.062,33.4
696460.781,33.4
697455.438,33.3
698449,33.4
699442.25,33.4
700435.062,33.3
701428.219,33.4
702422,33.4
703416.656,33.4
704411.344,33.4
705405.938,33.4
706402.906,33.4
707395.406,33.4
708389.875,33.4
709384.188,33.4
710378.562,33.4
711374.531,33.4
712366.688,33.4
713360.906,33.4
714355.281,33.4
715349.375,33.4
716346,33.4
717338.562,33.4
718332.875,33.4
719326.938,33.4
720321.125,33.4
721317.594,33.4
722310.281,33.4
723304.625,33.4
724299.156,33.4
725293.656,33.4
726289.875,33.4
727282.469,33.4
728276.906,33.4
729271.5,33.4
730266.188,33.4
731262.656,33.4
732256.469,33.4
733252,33.4
734246.812,33.4
735241.969,33.4
736237.125,33.4
737231.781,33.4
738226.75,33.4
739224.125,33.4
740216.875,33.4
741211.812,33.4
742207,33.4
743201.75,33.4
744196.875,33.3
745192.156,33.4
746187.062,33.4
747182.156,33.4
748177.188,33.4
749172.125,33.4
750167,33.4
751161.969,33.4
752158.906,33.4
753151.188,33.4
754146.312,33.4
755141.281,33.4
756135.938,33.4
757131.406,33.4
758126,33.4
759120.781,33.4
760115.438,33.4
761110.625,33.4
762105.656,33.4
763099.5,33.4
764093.125,33.4
765086.969,33.5
766081,33.4
767075.219,33.4
768068.906,33.4
769063.781,33.4
770057.406,33.4
771051.156,33.4
772044.469,33.4
773038.094,33.4
774031.344,33.4
775024.75,33.4
776019.531,33.4
777013.625,33.3
778009,33.4
779003.969,33.4
779998.938,33.4
780993.969,33.4
781988.969,33.4
782983.625,33.4
783978.375,33.4
784972.938,33.4
785967.875,33.4
786961.312,33.4
787955.688,33.4
788950,33.4
789944.344,33.4
790939.062,33.4
791933.656,33.4
792928.719,33.4
793923.5,33.4
794918.125,33.4
795912.75,33.4
796907.25,33.4
797902.094,33.4
798896.594,33.3
799890.125,33.4
800883.219,33.4
801876.531,33.4
802870.062,33.4
803863.281,33.4
804856.469,33.4
805850.094,33.4
806844.75,33.4
807839.5,33.4
808834.188,33.4
809830.812,33.4
810823.438,33.4
811817.969,33.4
812812.594,33.4
813807.688,33.4
814804.594,33.4
815797.188,33.4
816791.844,33.4
817786.156,33.4
818780.812,33.4
819775.438,33.4
820768.844,33.4
821762.562,33.4
822757.281,33.5
823752.031,33.4
824746.812,33.4
825741.281,33.4
826736.562,33.4
827730.938,33.4
828724.562,33.4
829719.562,33.4
830714.406,33.4
831709.188,33.4
832703.906,33.4
833698.625,33.4
834693.594,33.4
835688.219,33.4
836682.875,33.4
837677.531,33.4
838672.375,33.4
839667.281,33.4
840661.5,33.4
841655.781,33.4
842650.188,33.5
843644.781,33.4
844639.406,33.5
845634.125,33.4
846628.844,33.4
847623.625,33.5
848616.875,33.4
849609.719,33.4
850602.875,33.4
851596.344,33.4
852591.062,33.4
853585.969,33.4
854579.656,33.4
855574.312,33.4
856568.312,33.4
857561.25,33.4
858554.156,33.4
859547.188,33.4
860540.312,33.4
861533.188,33.4
862526.344,33.4
863519.125,33.4
864513.75,33.4
865508.469,33.4
866502.594,33.5
867496.594,33.4
868490.781,33.4
869485.594,33.4
870480.75,33.3
871475.812,33.4
872470.688,33.4
873465.438,33.4
874460.188,33.4
875455.188,33.4
876450.188,33.4
877445.156,33.4
878440.219,33.4
879435.156,33.5
880430.188,33.4
881425.25,33.4
882420.469,33.4
883415.594,33.5
884410.844,33.5
885405.969,33.5
886400.781,33.4
887395.438,33.4
888390.312,33.4
889385.375,33.4
890380.125,33.4
891375.094,33.3
892369.781,33.4
893364.469,33.4
894358.781,33.5
895352.469,33.5
896345.375,33.4
897338.594,33.4
898332.031,33.4
899325.562,33.4
900320.469,33.5
901315.125,33.5
902310,33.5
903304.781,33.4
904299.594,33.4
905294.469,33.4
906289.156,33.5
907283.875,33.4
908278.094,33.5
909272.75,33.4
910267.344,33.4
911262.844,33.4
912254.938,33.4
913249.969,33.5
914244.688,33.4
915237.906,33.5
916231.125,33.4
917224.062,33.4
918217.625,33.4
919210.25,33.4
920203.281,33.4
921196.125,33.5
922190.781,33.4
923185.125,33.4
924180.031,33.5
925174.875,33.4
926169.875,33.5
927164.625,33.4
928161.688,33.4
929154.594,33.5
930149.375,33.5
931143.812,33.4
932138.812,33.4
933135.406,33.5
934128.906,33.4
935123.531,33.5
936118.344,33.4
937113.25,33.4
938108.938,33.5
939102.562,33.5
940096.938,33.5
941091.344,33.4
942085.938,33.4
943082.031,33.4
944075.562,33.4
945070.094,33.4
946064.969,33.4
947059.344,33.5
948053.969,33.4
949048.5,33.5
950043.281,33.5
951038.156,33.4
952032.656,33.5
953027.062,33.4
954021.562,33.4
955016.375,33.4
956010.719,33.4
957004.875,33.5
957999.375,33.5
958993.688,33.4
959989.688,33.5
960983.062,33.4
961977.875,33.4
962972.906,33.4
963967.719,33.5
964962.969,33.5
965957.281,33.4
966952.156,33.4
967947.25,33.5
968942.188,33.4
969937.156,33.4
970931.594,33.4
971927.312,33.5
972922.656,33.5
973918.188,33.4
974913.75,33.4
975909.094,33.4
976904.469,33.4
977900.344,33.5
978894.906,33.5
979890.25,33.5
980884.438,33.5
981878,33.5
982873.812,33.4
983865.031,33.4
984858.469,33.5
985852.031,33.4
986845.656,33.4
987839.438,33.4
988833.25,33.4
989827.031,33.5
990820.781,33.4
991814.812,33.5
992808.625,33.5
993803.312,33.5
994798.375,33.5
995792.969,33.5
996788.375,33.4
997783.062,33.5
998777.781,33.5
999772.844,33.4
1000767.031,33.4
1001761.781,33.5
1002756.719,33.5
1003751.5,33.4
1004746.625,33.4
1005742.125,33.5
1006737.312,33.4
1007732.438,33.4
1008727.469,33.4
1009722.5,33.4
1010717.312,33.5
1011712.375,33.5
1012707.375,33.5
1013702.031,33.5
1014696.781,33.5
1015691.75,33.4
1016686.406,33.5
1017681.438,33.5
1018676.344,33.4
1019671.25,33.5
1020666.031,33.5
1021660.625,33.5
1022655.219,33.5
1023649.5,33.4
1024642.281,33.5
1025636.938,33.5
1026631.656,33.5
1027626.688,33.5
1028622.969,33.5
1029616.531,33.5
1030611.562,33.5
1031606.031,33.5
1032599.625,33.5
1033593.281,33.5
1034587,33.5
1035580.719,33.5
1036574.531,33.5
1037568.125,33.5
1038561.719,33.5
1039555.531,33.5
1040549.344,33.4
1041543.094,33.4
1042536.625,33.5
1043531.688,33.4
1044526.406,33.4
1045521.406,33.5
1046515.656,33.4
1047509.938,33.4
1048505.125,33.4
1049500.094,33.4
1050494.719,33.5
1051489.719,33.5
1052484.969,33.4
1053479.875,33.5
1054474.844,33.5
1055469.688,33.4
1056464.844,33.5
1057459.656,33.4
1058454.5,33.4
1059449.438,33.5
1060444.219,33.4
1061439.219,33.4
1062434.062,33.5
1063428.938,33.4
1064423.656,33.4
1065420.781,33.5
1066413.031,33.5
1067407.531,33.5
1068402.062,33.5
1069396.562,33.4
1070391.031,33.5
1071385.75,33.5
1072380.312,33.5
1073374.969,33.4
1074369.688,33.4
1075364.156,33.5
1076358.844,33.5
1077353.625,33.5
1078348.531,33.5
1079343.562,33.5
1080338.688,33.4
1081333.5,33.4
1082328.344,33.4
1083323.062,33.4
1084317.688,33.5
1085312.75,33.4
1086307.156,33.5
1087301.875,33.4
1088295.969,33.5
1089290.562,33.5
1090285.781,33.4
1091280.938,33.5
1092275.938,33.5
1093270.75,33.5
1094265.406,33.5
1095260.25,33.5
1096255.031,33.5
1097249.906,33.5
1098244.281,33.5
1099237.938,33.5
1100232.562,33.4
1101227.438,33.4
1102223.438,33.5
1103217.188,33.4
1104212.031,33.5
1105206.312,33.5
1106201.219,33.5
1107196.312,33.4
1108190.594,33.4
1109185.531,33.5
1110180.625,33.5
1111174.062,33.5
1112169.688,33.5
1113163.469,33.4
1114158.281,33.5
1115153.062,33.5
1116147.812,33.5
1117142.594,33.4
1118137.469,33.5
1119132.281,33.5
1120127.031,33.5
1121121.625,33.5
1122115.25,33.5
1123109.844,33.4
1124104.375,33.4
1125098.969,33.5
1126093.875,33.4
1127088.844,33.4
1128083.906,33.5
1129079,33.4
1130073.719,33.4
1131068.312,33.5
1132063,33.5
1133058,33.4
1134052.688,33.4
1135046.812,33.5
1136041.125,33.4
1137035.969,33.5
1138030.531,33.4
1139027.406,33.5
1140019.75,33.4
1141014.344,33.4
1142008.875,33.4
1143003.438,33.5
1143997.781,33.5
1144991.469,33.4
1145984.906,33.5
1146978.531,33.4
1147973.219,33.4
1148967.844,33.4
1149962.469,33.5
1150959.688,33.5
1151951.844,33.4
1152946.156,33.4
1153940.219,33.4
1154934.344,33.5
1155927,33.5
1156919.844,33.4
1157913.219,33.5
1158907.625,33.4
1159903.344,33.5
1160896.281,33.4
1161890.625,33.5
1162885,33.5
1163879.625,33.5
1164873.781,33.4
1165867.875,33.4
1166863.281,33.4
1167856.625,33.4
1168850.688,33.4
1169844.562,33.5
1170838.562,33.4
1171832.562,33.4
1172826.469,33.4
1173822.438,33.4
1174814.781,33.4
1175808.844,33.4
1176803.094,33.4
1177797.531,33.4
1178792.062,33.4
1179786.688,33.5
1180781.781,33.5
1181775.625,33.5
1182770.219,33.4
1183764.844,33.4
1184759.562,33.4
1185754.031,33.4
1186748.688,33.5
1187743.125,33.4
1188737.781,33.4
1189732.344,33.5
1190727.219,33.4
1191721.812,33.5
1192718.062,33.5
1193708.531,33.5
1194701.719,33.4
1195694.938,33.4
1196687.844,33.5
1197681.188,33.4
1198674.344,33.4
1199667.688,33.4
1200660.844,33.4
1201654.188,33.4
1202647.188,33.4
1203640.875,33.4
1204635.594,33.5
1205630.125,33.5
1206624.531,33.4
1207619.219,33.5
1208613.75,33.4
1209608.312,33.4
1210604.094,33.4
1211597.625,33.4
1212591.031,33.4
1213584.312,33.5
1214578.125,33.5
1215572.375,33.4
1216566.719,33.5
1217563.719,33.4
1218555.375,33.5
1219548.438,33.4
1220541.812,33.4
1221535.312,33.4
1222529.906,33.5
1223524.781,33.4
1224521.312,33.4
1225514.688,33.4
1226509.594,33.4
1227504.469,33.4
1228499.562,33.5
1229494.875,33.4
1230489,33.4
1231482.656,33.4
1232476.188,33.4
1233469.75,33.4
1234462.938,33.4
1235457.562,33.4
1236452.344,33.5
1237447.156,33.5
1238442.062,33.4
1239437.062,33.4
1240431.781,33.4
1241426.688,33.4
1242421.594,33.4
1243416.781,33.4
1244412.25,33.4
1245407,33.5
1246402.062,33.4
1247397.156,33.5
1248392.25,33.4
1249387.312,33.4
1250382.5,33.4
1251377.594,33.4
1252372.75,33.5
1253367.938,33.4
1254362.938,33.4
1255358.094,33.4
1256353.031,33.4
1257348,33.4
1258342.969,33.4
1259340.094,33.4
1260333.281,33.4
1261328.25,33.4
1262322.781,33.4
1263316.406,33.4
1264313.5,33.4
1265306.719,33.4
1266301.562,33.4
1267296.25,33.4
1268291.281,33.4
1269286.188,33.4
1270281.219,33.5
1271276.438,33.4
1272271.438,33.4
1273266.344,33.4
1274261.344,33.4
1275256.344,33.4
1276251.094,33.4
1277246.094,33.4
1278240.656,33.4
1279235.75,33.4
1280230.969,33.4
1281225.562,33.4
1282220.531,33.4
1283215.75,33.4
1284210.5,33.4
1285205.344,33.4
1286200.312,33.4
1287194.906,33.4
1288189.875,33.4
1289184.781,33.4
1290179.562,33.4
1291174.219,33.4
1292169.094,33.4
1293164.094,33.4
1294161.75,33.4
1295154.375,33.4
1296149.688,33.4
1297143.906,33.4
1298137.438,33.4
1299130.844,33.4
1300124.281,33.4
1301117.875,33.4
1302111.406,33.4
1303105.344,33.4
1304100.219,33.4
1305095.062,33.4
1306090.719,33.4
1307084.969,33.4
1308079.938,33.5
1309075.031,33.4
1310069.969,33.4
1311065.125,33.4
1312060.188,33.5
1313055.5,33.4
1314050.781,33.4
1315045.844,33.4
1316040.719,33.4
1317035.75,33.4
1318030.844,33.4
1319026.406,33.4
1320021.688,33.4
1321017,33.4
1322012.156,33.4
1323007.188,33.4
1324004.406,33.4
1324996.906,33.5
1325991.5,33.4
1326986.281,33.5
1327981.188,33.4
1328977.406,33.4
1329971.156,33.4
1330965.094,33.4
1331958.969,33.5
1332952.969,33.4
1333947.969,33.4
1334942.75,33.4
1335937.406,33.4
1336932.281,33.4
1337927.062,33.4
1338922,33.4
1339917.219,33.4
1340912.625,33.4
1341908.188,33.4
1342903.5,33.4
1343898.812,33.4
1344894.094,33.4
1345889.156,33.4
1346884.281,33.4
1347879.656,33.5
1348874.562,33.4
1349869.688,33.4
1350864.344,33.4
1351857.688,33.4
1352852.094,33.4
1353847.094,33.4
1354842.125,33.4
1355837,33.4
1356831.656,33.4
1357826.25,33.4
1358819.594,33.4
1359813.062,33.4
1360806.688,33.4
1361801.656,33.4
1362796.656,33.4
1363791.75,33.4
1364787.281,33.4
1365782.812,33.4
1366779.969,33.4
1367773.5,33.4
1368769,33.4
1369764.312,33.4
1370760,33.4
1371755.188,33.4
1372750.625,33.3
1373746.25,33.4
1374742.625,33.4
1375737.031,33.4
1376732.375,33.4
1377727.75,33.4
1378722.969,33.4
1379718.156,33.4
1380713.125,33.4
1381708.219,33.4
1382705.062,33.4
1383699.031,33.4
1384694.469,33.4
1385689.906,33.4
1386684.906,33.4
1387680.094,33.4
1388675.656,33.4
1389671,33.4
1390666.219,33.4
1391661.25,33.4
1392656.781,33.4
1393652.219,33.4
1394647.656,33.4
1395643.312,33.4
1396638.844,33.4
1397634.562,33.4
1398629.594,33.4
1399624.625,33.4
1400621.656,33.4
1401615.344,33.4
1402610.969,33.4
1403605.906,33.4
1404601.125,33.4
1405596.656,33.4
1406591.781,33.4
1407587,33.4
1408582.094,33.4
1409577.375,33.4
1410572.438,33.4
1411567.438,33.4
1412562.438,33.4
1413557.656,33.4
1414553.281,33.4
1415548.594,33.4
1416543.656,33.4
1417538.844,33.4
1418533.875,33.4
1419529.094,33.4
1420524.469,33.4
1421519.844,33.4
1422514.969,33.4
1423512,33.4
1424505.719,33.4
1425501.062,33.4
1426496.656,33.3
1427492,33.4
1428487.5,33.4
1429483.188,33.4
1430478.312,33.4
1431473.938,33.4
1432469.781,33.4
1433465.625,33.4
1434463.438,33.4
1435455.906,33.4
1436450.375,33.4
1437444.812,33.4
1438439.5,33.4
1439435.531,33.4
1440430.781,33.4
1441426.156,33.4
1442421.625,33.3
1443416.75,33.4
1444411.812,33.4
1445407.219,33.4
1446402.562,33.4
1447397.781,33.3
1448393.25,33.3
1449388.906,33.4
1450386.094,33.3
1451379.75,33.4
1452375.125,33.4
1453370.406,33.4
1454365.906,33.4
1455361.281,33.4
1456356.75,33.4
1457352.625,33.4
1458348.531,33.3
1459344.469,33.4
1460340.312,33.4
1461336.125,33.4
1462331.812,33.4
1463327.188,33.3
1464322.281,33.3
1465317.344,33.4
1466313.844,33.4
1467307.312,33.4
1468302.281,33.4
1469297.062,33.3
1470292.031,33.3
1471287.781,33.3
1472282.625,33.4
1473277.875,33.3
1474273.188,33.3
1475268.562,33.4
1476263.875,33.4
1477259.031,33.3
1478254.062,33.4
1479249.75,33.3
1480243.719,33.4
1481238.812,33.4
1482233.438,33.3
1483228.281,33.3
1484222.969,33.3
1485217.906,33.4
1486212.875,33.3
1487207.625,33.3
1488202.625,33.3
1489197.906,33.3
1490193,33.4
1491188.25,33.4
1492183.75,33.3
1493178.594,33.4
1494173.219,33.3
1495168.594,33.3
1496163.625,33.3
1497158.75,33.3
1498153.688,33.3
1499148.562,33.4
1500143.906,33.4
1501138.5,33.3
1502133.531,33.3
1503128.656,33.4
1504123.469,33.3
1505118.344,33.3
1506113.094,33.3
1507107.938,33.3
1508102.969,33.3
1509097.844,33.4
1510093.062,33.3
1511088.219,33.3
1512083.312,33.3
1513080.469,33.3
1514073.438,33.3
1515068.375,33.3
1516062.906,33.3
1517057.594,33.3
1518053.969,33.3
1519046.5,33.3
1520041.281,33.3
1521036.281,33.4
1522031.125,33.3
1523028.469,33.3
1524020.688,33.3
1525015.375,33.3
1526009.75,33.3
1527004.156,33.3
1528001.25,33.3
1528993.25,33.3
1529987.875,33.3
1530982.219,33.3
1531976.875,33.3
1532973.594,33.3
1533964.844,33.3
1534959.344,33.3
1535953.281,33.3
1536947.906,33.3
1537942.344,33.3
1538937.125,33.3
1539931.938,33.3
1540926.25,33.3
1541920.531,33.3
1542915.031,33.3
1543909.156,33.3
1544903.281,33.3
1545897.719,33.3
1546892.531,33.3
1547887.062,33.3
1548881.625,33.3
1549876.375,33.3
1550870.844,33.3
1551865.312,33.3
1552859.781,33.3
1553854.312,33.3
1554848.875,33.3
1555843.094,33.4
1556837.75,33.3
1557832.312,33.3
1558826.906,33.3
1559821.625,33.3
1560816.125,33.3
1561810.469,33.3
1562804.844,33.3
1563799.281,33.3
1564793.625,33.3
1565788.125,33.3
1566782.719,33.3
1567777.219,33.3
1568771.906,33.3
1569766.469,33.3
1570761.188,33.3
1571756.031,33.3
1572750.875,33.3
1573745.344,33.3
1574740,33.3
1575734.438,33.3
1576730.031,33.3
1577723.875,33.3
1578718.719,33.3
1579713.469,33.2
1580708.25,33.3
1581704.281,33.3
1582698.031,33.3
1583692.906,33.2
1584687.562,33.2
1585682.344,33.3
1586679.344,33.2
1587671.906,33.2
1588665.406,33.2
1589658.562,33.3
1590652.031,33.2
1591645.281,33.2
1592639.438,33.2
1593634.188,33.2
1594629.062,33.2
1595623.531,33.2
1596617.125,33.2
1597610.594,33.2
1598603.906,33.2
1599598.781,33.2
1600594.906,33.2
1601586.375,33.2
1602579.531,33.2
1603573.094,33.2
